condition,phase,max_step_size,finger_collision_count,rtf,update_ms,gazebo_server_cpu,gazebo_gui_cpu,coordinator_cpu,slip_monitor_cpu,friction_grasp_manager_cpu,grasp_success,support_removed,rotation_complete,max_slip,vertical_slip,min_payload_z,position_error,orientation_error,max_contact_depth,pivot_complete,faults,notes
A_baseline,sim_65_80,0.002,9,0.27329662809874083,6.925096054054054,118.76141278176348,143.1060367351162,34.37234465424423,31.392318857820097,48.83880230525384,True,True,False,0.00037971663415543476,7.26229776472076e-05,0.6566436328962448,,,,,[],"{'contact_status': 'CONTACT_OK', 'friction_grasp_status': 'HOLDING; held=True; contacts=verified; grippers: amir1=-0.665, amir2=-0.665; commands: amir1=-0.663, amir2=-0.663; hold_floors: amir1=-0.665, amir2=-0.665; target_force=20.0N; normal_forces: amir1/left=19.0N, amir1/right=21.9N, amir2/left=19.0N, amir2/right=21.9N', 'rotation': 'TRANSLATING: synchronized straight transport in progress; theta_des=0.00 deg; theta_actual=0.00 deg', 'slip_status': 'OK', 'state': 'TRANSPORT'}"
A_baseline,supported_grasp,0.002,9,0.245448357267957,7.73444131498471,118.09951658269401,215.99653629762264,34.43303524194554,32.384678640121045,48.51932056676866,True,True,False,0.00037971663415543476,7.26229776472076e-05,0.6566436328962448,,,,,[],"{'contact_status': 'CONTACT_OK', 'friction_grasp_status': 'HOLDING; held=True; contacts=verified; grippers: amir1=-0.665, amir2=-0.665; commands: amir1=-0.663, amir2=-0.663; hold_floors: amir1=-0.665, amir2=-0.665; target_force=20.0N; normal_forces: amir1/left=19.0N, amir1/right=21.9N, amir2/left=19.0N, amir2/right=21.9N', 'rotation': 'TRANSLATING: synchronized straight transport in progress; theta_des=0.00 deg; theta_actual=0.00 deg', 'slip_status': 'OK', 'state': 'TRANSPORT'}"
A_baseline,transport,0.002,9,0.3184909554000632,5.835146051084518,120.11196936730417,84.62710572054121,34.41534369736604,30.826715414366898,51.02150328288874,True,True,False,0.00037971663415543476,7.26229776472076e-05,0.6566436328962448,,,,,[],"{'contact_status': 'CONTACT_OK', 'friction_grasp_status': 'HOLDING; held=True; contacts=verified; grippers: amir1=-0.665, amir2=-0.665; commands: amir1=-0.663, amir2=-0.663; hold_floors: amir1=-0.665, amir2=-0.665; target_force=20.0N; normal_forces: amir1/left=19.0N, amir1/right=21.9N, amir2/left=19.0N, amir2/right=21.9N', 'rotation': 'TRANSLATING: synchronized straight transport in progress; theta_des=0.00 deg; theta_actual=0.00 deg', 'slip_status': 'OK', 'state': 'TRANSPORT'}"
B2_collision_3box,sim_65_80,0.002,3,0.4848314573931825,3.7616962154172566,130.4688562560799,214.98515249698764,48.93659837935582,44.83198830591664,65.76850358412337,False,False,False,0.0,0.0,,,,,,[],"{'contact_status': 'CONTACT_NOT_VERIFIED', 'friction_grasp_status': 'ERROR_NO_PHYSICAL_CONTACT; held=False; contacts=not_verified; grippers: amir1=-0.665, amir2=-0.665; commands: amir1=-0.665, amir2=-0.665; hold_floors: amir1=nan, amir2=nan; target_force=20.0N; normal_forces: amir1/left=0.2N, amir1/right=2.6N, amir2/left=21.3N, amir2/right=24.3N', 'rotation': 'GRASP_CHECK: waiting for both grasp states; theta_des=0.00 deg; theta_actual=0.00 deg', 'slip_status': 'OK', 'state': 'WAITING_FOR_GRASP'}"
B_collision_3box,sim_65_80,0.002,3,0.905340649772795,1.5148097666813964,139.94820452978806,217.32341163752028,78.10967614015185,72.26719953559349,73.86837229098154,False,False,False,0.0,0.0,,,,,,[],"{'contact_status': 'CONTACT_NOT_VERIFIED', 'friction_grasp_status': 'READY_TO_GRASP; held=False; contacts=not_verified; grippers: amir1=-1.000, amir2=-1.000; commands: amir1=-1.000, amir2=-1.000; hold_floors: amir1=nan, amir2=nan; target_force=20.0N; normal_forces: amir1/left=0.2N, amir1/right=0.2N, amir2/left=0.2N, amir2/right=0.2N', 'rotation': 'GRASP_CHECK: waiting for both grasp states; theta_des=0.00 deg; theta_actual=0.00 deg', 'state': 'WAITING_FOR_GRASP', 'slip_status': 'OK'}"
D_physics_3ms,sim_65_80,0.003,9,0.5251338518025089,4.932377925956569,121.36205074275158,60.48734375631921,40.2726528245503,36.60502441621469,57.88009702797553,True,True,False,0.00030014807073065796,7.818802138837011e-05,0.6566407373253859,0.03223040767874006,3.063964285450173e-05,,,[],"{'contact_status': 'CONTACT_OK', 'friction_grasp_status': 'HOLDING; held=True; contacts=verified; grippers: amir1=-0.665, amir2=-0.665; commands: amir1=-0.663, amir2=-0.663; hold_floors: amir1=-0.665, amir2=-0.665; target_force=20.0N; normal_forces: amir1/left=21.7N, amir1/right=24.6N, amir2/left=20.9N, amir2/right=23.8N', 'rotation': 'TRANSLATING: straight reference paused while tracking catches up; theta_des=0.00 deg; theta_actual=0.00 deg', 'slip_status': 'OK', 'state': 'TRANSPORT'}"
D_physics_3ms,supported_grasp,0.003,9,0.4488636280981958,6.218072346756153,121.64981399636838,5.001223042722565,34.71815746912873,32.356065357944736,52.073569123218036,True,True,False,0.00030014807073065796,7.818802138837011e-05,0.6566407373253859,0.03223040767874006,3.063964285450173e-05,,,[],"{'contact_status': 'CONTACT_OK', 'friction_grasp_status': 'HOLDING; held=True; contacts=verified; grippers: amir1=-0.665, amir2=-0.665; commands: amir1=-0.663, amir2=-0.663; hold_floors: amir1=-0.665, amir2=-0.665; target_force=20.0N; normal_forces: amir1/left=21.7N, amir1/right=24.6N, amir2/left=20.9N, amir2/right=23.8N', 'rotation': 'TRANSLATING: straight reference paused while tracking catches up; theta_des=0.00 deg; theta_actual=0.00 deg', 'slip_status': 'OK', 'state': 'TRANSPORT'}"
D_physics_3ms,transport,0.003,9,0.3726298688804577,7.570420127740455,119.269452124907,189.59328057501568,38.1535975922737,33.508852142117476,50.84872227056101,True,True,False,0.00030014807073065796,7.818802138837011e-05,0.6566407373253859,0.03223040767874006,3.063964285450173e-05,,,[],"{'contact_status': 'CONTACT_OK', 'friction_grasp_status': 'HOLDING; held=True; contacts=verified; grippers: amir1=-0.665, amir2=-0.665; commands: amir1=-0.663, amir2=-0.663; hold_floors: amir1=-0.665, amir2=-0.665; target_force=20.0N; normal_forces: amir1/left=21.7N, amir1/right=24.6N, amir2/left=20.9N, amir2/right=23.8N', 'rotation': 'TRANSLATING: straight reference paused while tracking catches up; theta_des=0.00 deg; theta_actual=0.00 deg', 'slip_status': 'OK', 'state': 'TRANSPORT'}"
E_physics_4ms,sim_65_80,0.004,9,0.48238507637492234,7.54355263119216,122.39225787659778,227.2876868433908,42.642053937167205,38.268864335691,55.84808474870697,True,True,False,0.0007437261642589727,8.018524239528091e-05,0.6566385908515004,0.03677022359621838,0.00013651730526736294,,,[],"{'contact_status': 'CONTACT_OK', 'friction_grasp_status': 'HOLDING; held=True; contacts=verified; grippers: amir1=-0.665, amir2=-0.665; commands: amir1=-0.665, amir2=-0.664; hold_floors: amir1=-0.665, amir2=-0.665; target_force=20.0N; normal_forces: amir1/left=19.2N, amir1/right=23.4N, amir2/left=17.7N, amir2/right=19.5N', 'rotation': 'TRANSLATING: straight reference paused while tracking catches up; theta_des=0.00 deg; theta_actual=0.00 deg', 'slip_status': 'OK', 'state': 'TRANSPORT'}"
E_physics_4ms,supported_grasp,0.004,9,0.4760741979697866,8.044338456090651,122.83735151834478,226.2697891206592,38.623041015969264,36.46481647086446,54.932359609978285,True,True,False,0.0007437261642589727,8.018524239528091e-05,0.6566385908515004,0.03677022359621838,0.00013651730526736294,,,[],"{'contact_status': 'CONTACT_OK', 'friction_grasp_status': 'HOLDING; held=True; contacts=verified; grippers: amir1=-0.665, amir2=-0.665; commands: amir1=-0.665, amir2=-0.664; hold_floors: amir1=-0.665, amir2=-0.665; target_force=20.0N; normal_forces: amir1/left=19.2N, amir1/right=23.4N, amir2/left=17.7N, amir2/right=19.5N', 'rotation': 'TRANSLATING: straight reference paused while tracking catches up; theta_des=0.00 deg; theta_actual=0.00 deg', 'slip_status': 'OK', 'state': 'TRANSPORT'}"
E_physics_4ms,transport,0.004,9,0.4490975747228503,8.401594799296408,121.73365169379304,223.46828397769684,40.09841626565922,34.5841902533944,52.271340158675436,True,True,False,0.0007437261642589727,8.018524239528091e-05,0.6566385908515004,0.03677022359621838,0.00013651730526736294,,,[],"{'contact_status': 'CONTACT_OK', 'friction_grasp_status': 'HOLDING; held=True; contacts=verified; grippers: amir1=-0.665, amir2=-0.665; commands: amir1=-0.665, amir2=-0.664; hold_floors: amir1=-0.665, amir2=-0.665; target_force=20.0N; normal_forces: amir1/left=19.2N, amir1/right=23.4N, amir2/left=17.7N, amir2/right=19.5N', 'rotation': 'TRANSLATING: straight reference paused while tracking catches up; theta_des=0.00 deg; theta_actual=0.00 deg', 'slip_status': 'OK', 'state': 'TRANSPORT'}"
F_pose_filter,sim_65_80,0.004,9,0.5429921645276156,6.614286611186165,123.6959688533188,226.80043986315425,24.43699547957714,18.469381383225087,58.73074975140574,True,True,False,0.00023567935871194595,8.293953500793094e-05,0.6566334987561903,0.0364540479240146,9.242889402566729e-05,,,[],"{'contact_status': 'CONTACT_OK', 'friction_grasp_status': 'HOLDING; held=True; contacts=verified; grippers: amir1=-0.665, amir2=-0.665; commands: amir1=-0.664, amir2=-0.664; hold_floors: amir1=-0.665, amir2=-0.665; target_force=20.0N; normal_forces: amir1/left=19.9N, amir1/right=22.8N, amir2/left=19.9N, amir2/right=22.8N', 'rotation': 'TRANSLATING: straight reference paused while tracking catches up; theta_des=0.00 deg; theta_actual=0.00 deg', 'slip_status': 'OK', 'state': 'TRANSPORT'}"
F_pose_filter,supported_grasp,0.004,9,0.46682313115576046,7.993139864978904,121.48176161331655,221.0152008596642,18.095040830039455,14.86132552543565,54.59877763770196,True,True,False,0.00023567935871194595,8.293953500793094e-05,0.6566334987561903,0.0364540479240146,9.242889402566729e-05,,,[],"{'contact_status': 'CONTACT_OK', 'friction_grasp_status': 'HOLDING; held=True; contacts=verified; grippers: amir1=-0.665, amir2=-0.665; commands: amir1=-0.664, amir2=-0.664; hold_floors: amir1=-0.665, amir2=-0.665; target_force=20.0N; normal_forces: amir1/left=19.9N, amir1/right=22.8N, amir2/left=19.9N, amir2/right=22.8N', 'rotation': 'TRANSLATING: straight reference paused while tracking catches up; theta_des=0.00 deg; theta_actual=0.00 deg', 'slip_status': 'OK', 'state': 'TRANSPORT'}"
F_pose_filter,transport,0.004,9,0.488681617402771,7.635811871878396,123.30135470336234,112.86088879041877,22.078196134401633,15.147931763936802,52.27154532459786,True,True,False,0.00023567935871194595,8.293953500793094e-05,0.6566334987561903,0.0364540479240146,9.242889402566729e-05,,,[],"{'contact_status': 'CONTACT_OK', 'friction_grasp_status': 'HOLDING; held=True; contacts=verified; grippers: amir1=-0.665, amir2=-0.665; commands: amir1=-0.664, amir2=-0.664; hold_floors: amir1=-0.665, amir2=-0.665; target_force=20.0N; normal_forces: amir1/left=19.9N, amir1/right=22.8N, amir2/left=19.9N, amir2/right=22.8N', 'rotation': 'TRANSLATING: straight reference paused while tracking catches up; theta_des=0.00 deg; theta_actual=0.00 deg', 'slip_status': 'OK', 'state': 'TRANSPORT'}"
G2_contact_aggregation,sim_65_80,0.004,9,0.9653828159421731,2.140098772700297,112.30447114023305,229.55536699403285,49.63849540048252,41.695737288893895,72.49731629977984,False,False,False,0.0,0.0,,,,,,[],"{'friction_grasp_status': 'READY_TO_GRASP; held=False; contacts=not_verified; grippers: amir1=-1.000, amir2=-1.000; commands: amir1=-1.000, amir2=-1.000; hold_floors: amir1=nan, amir2=nan; target_force=20.0N; normal_forces: amir1/left=0.2N, amir1/right=0.2N, amir2/left=0.2N, amir2/right=0.2N', 'contact_status': 'CONTACT_NOT_VERIFIED', 'rotation': 'GRASP_CHECK: waiting for both grasp states; theta_des=0.00 deg; theta_actual=0.00 deg', 'state': 'WAITING_FOR_GRASP', 'slip_status': 'OK'}"
G3_contact_aggregation_retry,sim_65_80,0.004,9,0.5612176430824336,6.348303128668172,123.69723412726812,228.9413174855968,24.900185250197055,19.553043255488596,32.565232373982056,True,True,False,0.00044388395888974864,0.00021269325800121752,0.6565071789828811,0.03583203043597567,0.0004868365078887349,0.0,False,[],"{'contact_status': 'CONTACT_OK', 'friction_grasp_status': 'HOLDING; held=True; contacts=verified; grippers: amir1=-0.665, amir2=-0.665; commands: amir1=-0.664, amir2=-0.665; hold_floors: amir1=-0.665, amir2=-0.665; target_force=20.0N; normal_forces: amir1/left=19.8N, amir1/right=22.7N, amir2/left=19.8N, amir2/right=22.7N', 'rotation': 'TRANSLATING: synchronized straight transport in progress; theta_des=0.00 deg; theta_actual=0.00 deg', 'state': 'TRANSPORT', 'slip_status': 'OK'}"
G3_contact_aggregation_retry,supported_grasp,0.004,9,0.43588080316778177,7.820842213114755,122.49233729477719,218.94186161915152,18.32560024799041,15.431917203255782,23.148126629040554,True,True,False,0.00044388395888974864,0.00021269325800121752,0.6565071789828811,0.03583203043597567,0.0004868365078887349,0.0,False,[],"{'contact_status': 'CONTACT_OK', 'friction_grasp_status': 'HOLDING; held=True; contacts=verified; grippers: amir1=-0.665, amir2=-0.665; commands: amir1=-0.664, amir2=-0.665; hold_floors: amir1=-0.665, amir2=-0.665; target_force=20.0N; normal_forces: amir1/left=19.8N, amir1/right=22.7N, amir2/left=19.8N, amir2/right=22.7N', 'rotation': 'TRANSLATING: synchronized straight transport in progress; theta_des=0.00 deg; theta_actual=0.00 deg', 'state': 'TRANSPORT', 'slip_status': 'OK'}"
G3_contact_aggregation_retry,transport,0.004,9,0.46165575954389465,8.113245464542556,122.37956515541276,172.06757683115578,21.357078120171966,15.021148356152553,24.209409749552904,True,True,False,0.00044388395888974864,0.00021269325800121752,0.6565071789828811,0.03583203043597567,0.0004868365078887349,0.0,False,[],"{'contact_status': 'CONTACT_OK', 'friction_grasp_status': 'HOLDING; held=True; contacts=verified; grippers: amir1=-0.665, amir2=-0.665; commands: amir1=-0.664, amir2=-0.665; hold_floors: amir1=-0.665, amir2=-0.665; target_force=20.0N; normal_forces: amir1/left=19.8N, amir1/right=22.7N, amir2/left=19.8N, amir2/right=22.7N', 'rotation': 'TRANSLATING: synchronized straight transport in progress; theta_des=0.00 deg; theta_actual=0.00 deg', 'state': 'TRANSPORT', 'slip_status': 'OK'}"
G4_contact_aggregation_headless,sim_65_80,0.004,9,0.6728290164897351,5.072116331002958,,,27.33753293749864,21.183524042303198,36.17042439055223,True,True,False,0.000411199149147192,0.00011425358896366422,0.6566063038146831,0.024621648338943238,0.0004335165042944182,,False,[],"{'contact_status': 'CONTACT_OK', 'friction_grasp_status': 'HOLDING; held=True; contacts=verified; grippers: amir1=-0.665, amir2=-0.665; commands: amir1=-0.664, amir2=-0.664; hold_floors: amir1=-0.665, amir2=-0.665; target_force=20.0N; normal_forces: amir1/left=19.8N, amir1/right=22.7N, amir2/left=19.8N, amir2/right=22.7N', 'rotation': 'TRANSLATING: straight reference paused while tracking catches up; theta_des=0.00 deg; theta_actual=0.00 deg', 'state': 'TRANSPORT', 'slip_status': 'OK'}"
G4_contact_aggregation_headless,supported_grasp,0.004,9,0.5469207485320223,6.763830369565217,,,18.976423168870227,15.090287976752478,24.337745443254754,True,True,False,0.000411199149147192,0.00011425358896366422,0.6566063038146831,0.024621648338943238,0.0004335165042944182,,False,[],"{'contact_status': 'CONTACT_OK', 'friction_grasp_status': 'HOLDING; held=True; contacts=verified; grippers: amir1=-0.665, amir2=-0.665; commands: amir1=-0.664, amir2=-0.664; hold_floors: amir1=-0.665, amir2=-0.665; target_force=20.0N; normal_forces: amir1/left=19.8N, amir1/right=22.7N, amir2/left=19.8N, amir2/right=22.7N', 'rotation': 'TRANSLATING: straight reference paused while tracking catches up; theta_des=0.00 deg; theta_actual=0.00 deg', 'state': 'TRANSPORT', 'slip_status': 'OK'}"
G4_contact_aggregation_headless,transport,0.004,9,0.5309625044315733,7.044146013690106,,,22.334070602161244,15.545536466984899,25.99440553753151,True,True,False,0.000411199149147192,0.00011425358896366422,0.6566063038146831,0.024621648338943238,0.0004335165042944182,,False,[],"{'contact_status': 'CONTACT_OK', 'friction_grasp_status': 'HOLDING; held=True; contacts=verified; grippers: amir1=-0.665, amir2=-0.665; commands: amir1=-0.664, amir2=-0.664; hold_floors: amir1=-0.665, amir2=-0.665; target_force=20.0N; normal_forces: amir1/left=19.8N, amir1/right=22.7N, amir2/left=19.8N, amir2/right=22.7N', 'rotation': 'TRANSLATING: straight reference paused while tracking catches up; theta_des=0.00 deg; theta_actual=0.00 deg', 'state': 'TRANSPORT', 'slip_status': 'OK'}"
G_contact_aggregation,sim_65_80,0.004,9,0.9783495605843189,2.053548354857475,101.66175088551121,213.48743438551418,51.3839140741584,44.018433779632424,72.79037267516829,False,False,False,0.0,0.0,,,,,,[],"{'contact_status': 'CONTACT_NOT_VERIFIED', 'friction_grasp_status': 'WAITING_FOR_CONTROLLERS; held=False; contacts=not_verified; grippers: amir1=-1.000, amir2=-1.000; commands: amir1=nan, amir2=nan; hold_floors: amir1=nan, amir2=nan; target_force=20.0N; normal_forces: amir1/left=0.2N, amir1/right=0.2N, amir2/left=0.2N, amir2/right=0.2N', 'rotation': 'GRASP_CHECK: waiting for amir2 controllers to become active; theta_des=0.00 deg; theta_actual=0.00 deg', 'state': 'WAITING_FOR_GRASP', 'slip_status': 'OK'}"
H2_headless_approach_timeout,sim_65_80,0.004,9,0.6849118529593476,4.954867228634849,,,24.86374540442932,19.902638811002156,62.2979530781618,True,True,False,0.000603553979924078,0.0001527583146030409,0.6565664103921849,0.02169349308018501,0.00042266038141713745,,,[],"{'contact_status': 'CONTACT_NOT_VERIFIED', 'friction_grasp_status': 'HOLDING; held=True; contacts=not_verified; grippers: amir1=-0.665, amir2=-0.665; commands: amir1=-0.663, amir2=-0.665; hold_floors: amir1=-0.665, amir2=-0.665; target_force=20.0N; normal_forces: amir1/left=0.2N, amir1/right=2.6N, amir2/left=19.6N, amir2/right=22.6N', 'rotation': 'TRANSLATING: straight reference paused while tracking catches up; theta_des=0.00 deg; theta_actual=0.00 deg', 'slip_status': 'OK', 'state': 'TRANSPORT'}"
H2_headless_approach_timeout,supported_grasp,0.004,9,0.5662853946769901,6.556913327731092,,,19.129042544551258,15.401442806625079,56.57425675219384,True,True,False,0.000603553979924078,0.0001527583146030409,0.6565664103921849,0.02169349308018501,0.00042266038141713745,,,[],"{'contact_status': 'CONTACT_NOT_VERIFIED', 'friction_grasp_status': 'HOLDING; held=True; contacts=not_verified; grippers: amir1=-0.665, amir2=-0.665; commands: amir1=-0.663, amir2=-0.665; hold_floors: amir1=-0.665, amir2=-0.665; target_force=20.0N; normal_forces: amir1/left=0.2N, amir1/right=2.6N, amir2/left=19.6N, amir2/right=22.6N', 'rotation': 'TRANSLATING: straight reference paused while tracking catches up; theta_des=0.00 deg; theta_actual=0.00 deg', 'slip_status': 'OK', 'state': 'TRANSPORT'}"
H2_headless_approach_timeout,transport,0.004,9,0.5539726260508984,6.7297970845189585,,,22.22419491894576,15.308347202725239,54.434701204710464,True,True,False,0.000603553979924078,0.0001527583146030409,0.6565664103921849,0.02169349308018501,0.00042266038141713745,,,[],"{'contact_status': 'CONTACT_NOT_VERIFIED', 'friction_grasp_status': 'HOLDING; held=True; contacts=not_verified; grippers: amir1=-0.665, amir2=-0.665; commands: amir1=-0.663, amir2=-0.665; hold_floors: amir1=-0.665, amir2=-0.665; target_force=20.0N; normal_forces: amir1/left=0.2N, amir1/right=2.6N, amir2/left=19.6N, amir2/right=22.6N', 'rotation': 'TRANSLATING: straight reference paused while tracking catches up; theta_des=0.00 deg; theta_actual=0.00 deg', 'slip_status': 'OK', 'state': 'TRANSPORT'}"
H_headless_safe_open,sim_65_80,0.004,9,0.9679756703318113,2.0694168692267776,,,50.43055839570207,42.35092469936676,71.57272016558815,False,False,False,0.0,0.0,,,,,,[],"{'contact_status': 'CONTACT_NOT_VERIFIED', 'friction_grasp_status': 'READY_TO_GRASP; held=False; contacts=not_verified; grippers: amir1=-1.000, amir2=-1.000; commands: amir1=-1.000, amir2=-1.000; hold_floors: amir1=nan, amir2=nan; target_force=20.0N; normal_forces: amir1/left=0.2N, amir1/right=0.2N, amir2/left=0.2N, amir2/right=0.2N', 'rotation': 'GRASP_CHECK: waiting for both grasp states; theta_des=0.00 deg; theta_actual=0.00 deg', 'slip_status': 'OK', 'state': 'WAITING_FOR_GRASP'}"
