condition,phase,max_step_size,finger_collision_count,rtf,update_ms,gazebo_server_cpu,gazebo_gui_cpu,coordinator_cpu,slip_monitor_cpu,friction_grasp_manager_cpu,grasp_success,support_removed,rotation_complete,max_slip,vertical_slip,min_payload_z,position_error,orientation_error,max_contact_depth,pre_pivot_max_position_error,pre_pivot_max_orientation_error,pivot_complete,faults,notes
M_ros_contact_baseline,whole_run,0.004,9,0.6871757657499848,5.452183742115711,113.05403779974657,,29.28384491264539,22.26059661693461,38.820186504332995,True,True,False,0.0004643122729705562,0.00012195407973747407,0.6565968318915846,0.028737518652175463,0.0004062212772562527,,0.04044184557340986,0.0004456303158291854,False,[],"{'rotation': 'TRANSLATING: straight reference paused while tracking catches up; theta_des=0.00 deg; theta_actual=0.00 deg', 'friction_grasp_status': 'HOLDING; held=True; contacts=not_verified; grippers: amir1=-0.665, amir2=-0.665; commands: amir1=-0.663, amir2=-0.663; hold_floors: amir1=-0.665, amir2=-0.665; target_force=20.0N; normal_forces: amir1/left=19.7N, amir1/right=22.6N, amir2/left=0.2N, amir2/right=2.6N', 'contact_status': 'CONTACT_NOT_VERIFIED', 'state': 'TRANSPORT', 'slip_status': 'OK'}"
M_ros_contact_baseline,sim_65_80,0.004,9,0.6340853126514796,5.541394876430206,125.13961772956009,,25.44570476355362,20.487343894965747,35.68683148035079,True,True,False,0.0004643122729705562,0.00012195407973747407,0.6565968318915846,0.028737518652175463,0.0004062212772562527,,0.04044184557340986,0.0004456303158291854,False,[],"{'rotation': 'TRANSLATING: straight reference paused while tracking catches up; theta_des=0.00 deg; theta_actual=0.00 deg', 'friction_grasp_status': 'HOLDING; held=True; contacts=not_verified; grippers: amir1=-0.665, amir2=-0.665; commands: amir1=-0.663, amir2=-0.663; hold_floors: amir1=-0.665, amir2=-0.665; target_force=20.0N; normal_forces: amir1/left=19.7N, amir1/right=22.6N, amir2/left=0.2N, amir2/right=2.6N', 'contact_status': 'CONTACT_NOT_VERIFIED', 'state': 'TRANSPORT', 'slip_status': 'OK'}"
M_ros_contact_baseline,supported_grasp,0.004,9,0.5208522805550057,7.163706398632341,124.66953397126181,,19.976289864258273,16.072074321863173,26.06719513263436,True,True,False,0.0004643122729705562,0.00012195407973747407,0.6565968318915846,0.028737518652175463,0.0004062212772562527,,0.04044184557340986,0.0004456303158291854,False,[],"{'rotation': 'TRANSLATING: straight reference paused while tracking catches up; theta_des=0.00 deg; theta_actual=0.00 deg', 'friction_grasp_status': 'HOLDING; held=True; contacts=not_verified; grippers: amir1=-0.665, amir2=-0.665; commands: amir1=-0.663, amir2=-0.663; hold_floors: amir1=-0.665, amir2=-0.665; target_force=20.0N; normal_forces: amir1/left=19.7N, amir1/right=22.6N, amir2/left=0.2N, amir2/right=2.6N', 'contact_status': 'CONTACT_NOT_VERIFIED', 'state': 'TRANSPORT', 'slip_status': 'OK'}"
M_ros_contact_baseline,transport,0.004,9,0.5034309670917955,7.463744404978064,123.67021855336718,,22.36678534851286,15.34362948118081,25.68114010091125,True,True,False,0.0004643122729705562,0.00012195407973747407,0.6565968318915846,0.028737518652175463,0.0004062212772562527,,0.04044184557340986,0.0004456303158291854,False,[],"{'rotation': 'TRANSLATING: straight reference paused while tracking catches up; theta_des=0.00 deg; theta_actual=0.00 deg', 'friction_grasp_status': 'HOLDING; held=True; contacts=not_verified; grippers: amir1=-0.665, amir2=-0.665; commands: amir1=-0.663, amir2=-0.663; hold_floors: amir1=-0.665, amir2=-0.665; target_force=20.0N; normal_forces: amir1/left=19.7N, amir1/right=22.6N, amir2/left=0.2N, amir2/right=2.6N', 'contact_status': 'CONTACT_NOT_VERIFIED', 'state': 'TRANSPORT', 'slip_status': 'OK'}"
N_native_contact_candidate,whole_run,0.004,9,0.7049202857440379,5.236216703147164,112.34417575650684,,29.444086881495124,22.643824801205955,38.49729004968621,True,True,False,0.000364450970081184,0.00021845960836264222,0.6565006524111521,0.03632655877036711,0.00027335431264156597,,0.04039323726369876,0.0004027812246392161,False,[],"{'rotation': 'TRANSLATING: straight reference paused while tracking catches up; theta_des=0.00 deg; theta_actual=0.00 deg', 'contact_status': 'CONTACT_OK', 'friction_grasp_status': 'HOLDING; held=True; contacts=verified; grippers: amir1=-0.665, amir2=-0.665; commands: amir1=-0.665, amir2=-0.663; hold_floors: amir1=-0.665, amir2=-0.665; target_force=20.0N; normal_forces: amir1/left=19.7N, amir1/right=22.4N, amir2/left=17.0N, amir2/right=20.1N', 'slip_status': 'OK', 'state': 'TRANSPORT'}"
N_native_contact_candidate,sim_65_80,0.004,9,0.6655745660848768,5.104787230856816,124.05444919027613,,27.11981957146325,21.773728988158304,36.921825479628104,True,True,False,0.000364450970081184,0.00021845960836264222,0.6565006524111521,0.03632655877036711,0.00027335431264156597,,0.04039323726369876,0.0004027812246392161,False,[],"{'rotation': 'TRANSLATING: straight reference paused while tracking catches up; theta_des=0.00 deg; theta_actual=0.00 deg', 'contact_status': 'CONTACT_OK', 'friction_grasp_status': 'HOLDING; held=True; contacts=verified; grippers: amir1=-0.665, amir2=-0.665; commands: amir1=-0.665, amir2=-0.663; hold_floors: amir1=-0.665, amir2=-0.665; target_force=20.0N; normal_forces: amir1/left=19.7N, amir1/right=22.4N, amir2/left=17.0N, amir2/right=20.1N', 'slip_status': 'OK', 'state': 'TRANSPORT'}"
N_native_contact_candidate,supported_grasp,0.004,9,0.5031894170928023,7.380541007894737,124.77873921963098,,20.516803340812178,16.672964773403592,25.960591136216426,True,True,False,0.000364450970081184,0.00021845960836264222,0.6565006524111521,0.03632655877036711,0.00027335431264156597,,0.04039323726369876,0.0004027812246392161,False,[],"{'rotation': 'TRANSLATING: straight reference paused while tracking catches up; theta_des=0.00 deg; theta_actual=0.00 deg', 'contact_status': 'CONTACT_OK', 'friction_grasp_status': 'HOLDING; held=True; contacts=verified; grippers: amir1=-0.665, amir2=-0.665; commands: amir1=-0.665, amir2=-0.663; hold_floors: amir1=-0.665, amir2=-0.665; target_force=20.0N; normal_forces: amir1/left=19.7N, amir1/right=22.4N, amir2/left=17.0N, amir2/right=20.1N', 'slip_status': 'OK', 'state': 'TRANSPORT'}"
N_native_contact_candidate,transport,0.004,9,0.5296364772009988,7.058777480757001,124.25158396632045,,22.612647425115455,15.751966856929002,26.142316938866788,True,True,False,0.000364450970081184,0.00021845960836264222,0.6565006524111521,0.03632655877036711,0.00027335431264156597,,0.04039323726369876,0.0004027812246392161,False,[],"{'rotation': 'TRANSLATING: straight reference paused while tracking catches up; theta_des=0.00 deg; theta_actual=0.00 deg', 'contact_status': 'CONTACT_OK', 'friction_grasp_status': 'HOLDING; held=True; contacts=verified; grippers: amir1=-0.665, amir2=-0.665; commands: amir1=-0.665, amir2=-0.663; hold_floors: amir1=-0.665, amir2=-0.665; target_force=20.0N; normal_forces: amir1/left=19.7N, amir1/right=22.4N, amir2/left=17.0N, amir2/right=20.1N', 'slip_status': 'OK', 'state': 'TRANSPORT'}"
O_native_headless_full,whole_run,0.004,9,0.5631415033894176,6.8519865589311575,118.47118070081788,,22.816628695141787,17.198660444495026,31.175144301933056,True,True,True,0.006277226567355018,0.00023044147840467488,0.656488574339864,0.019850656938762517,0.0001722277371642431,,0.04039967954819063,0.046127413883786335,True,[],"{'rotation': 'FINISHED: payload-local right target reached and final pose is held; theta_des=30.00 deg; theta_actual=29.79 deg', 'contact_status': 'CONTACT_NOT_VERIFIED', 'friction_grasp_status': 'HOLDING; held=True; contacts=not_verified; grippers: amir1=-0.665, amir2=-0.665; commands: amir1=-0.663, amir2=-0.665; hold_floors: amir1=-0.665, amir2=-0.665; target_force=20.0N; normal_forces: amir1/left=0.2N, amir1/right=2.6N, amir2/left=21.3N, amir2/right=24.2N', 'state': 'HOLDING', 'slip_status': 'OK'}"
O_native_headless_full,sim_65_80,0.004,9,0.6419877506476552,5.245738445987227,123.12489991831742,,25.852151029145126,20.298164847440514,33.97613677900818,True,True,True,0.006277226567355018,0.00023044147840467488,0.656488574339864,0.019850656938762517,0.0001722277371642431,,0.04039967954819063,0.046127413883786335,True,[],"{'rotation': 'FINISHED: payload-local right target reached and final pose is held; theta_des=30.00 deg; theta_actual=29.79 deg', 'contact_status': 'CONTACT_NOT_VERIFIED', 'friction_grasp_status': 'HOLDING; held=True; contacts=not_verified; grippers: amir1=-0.665, amir2=-0.665; commands: amir1=-0.663, amir2=-0.665; hold_floors: amir1=-0.665, amir2=-0.665; target_force=20.0N; normal_forces: amir1/left=0.2N, amir1/right=2.6N, amir2/left=21.3N, amir2/right=24.2N', 'state': 'HOLDING', 'slip_status': 'OK'}"
O_native_headless_full,supported_grasp,0.004,9,0.5480002418900324,6.782145246376811,125.29243191930232,,19.42518324330263,16.025962411920652,24.767294871407024,True,True,True,0.006277226567355018,0.00023044147840467488,0.656488574339864,0.019850656938762517,0.0001722277371642431,,0.04039967954819063,0.046127413883786335,True,[],"{'rotation': 'FINISHED: payload-local right target reached and final pose is held; theta_des=30.00 deg; theta_actual=29.79 deg', 'contact_status': 'CONTACT_NOT_VERIFIED', 'friction_grasp_status': 'HOLDING; held=True; contacts=not_verified; grippers: amir1=-0.665, amir2=-0.665; commands: amir1=-0.663, amir2=-0.665; hold_floors: amir1=-0.665, amir2=-0.665; target_force=20.0N; normal_forces: amir1/left=0.2N, amir1/right=2.6N, amir2/left=21.3N, amir2/right=24.2N', 'state': 'HOLDING', 'slip_status': 'OK'}"
O_native_headless_full,transport,0.004,9,0.4879278836769141,7.695151981843299,123.06253101544554,,20.107305166617326,14.745749835893207,27.02860475543816,True,True,True,0.006277226567355018,0.00023044147840467488,0.656488574339864,0.019850656938762517,0.0001722277371642431,,0.04039967954819063,0.046127413883786335,True,[],"{'rotation': 'FINISHED: payload-local right target reached and final pose is held; theta_des=30.00 deg; theta_actual=29.79 deg', 'contact_status': 'CONTACT_NOT_VERIFIED', 'friction_grasp_status': 'HOLDING; held=True; contacts=not_verified; grippers: amir1=-0.665, amir2=-0.665; commands: amir1=-0.663, amir2=-0.665; hold_floors: amir1=-0.665, amir2=-0.665; target_force=20.0N; normal_forces: amir1/left=0.2N, amir1/right=2.6N, amir2/left=21.3N, amir2/right=24.2N', 'state': 'HOLDING', 'slip_status': 'OK'}"
P_ros_contact_full_control,whole_run,0.004,9,0.5841839599311693,6.550135821242469,118.5444277079451,,23.023753964316686,17.164336620164683,32.516298642766465,True,True,True,0.006525378070703289,0.00027466969903411353,0.6564446757624663,0.019883684248785644,3.94719581280328e-05,,0.04047609625778416,0.04404539225310167,True,[],"{'rotation': 'FINISHED: payload-local right target reached and final pose is held; theta_des=30.00 deg; theta_actual=29.82 deg', 'contact_status': 'CONTACT_OK', 'friction_grasp_status': 'HOLDING; held=True; contacts=verified; grippers: amir1=-0.665, amir2=-0.665; commands: amir1=-0.664, amir2=-0.664; hold_floors: amir1=-0.665, amir2=-0.665; target_force=20.0N; normal_forces: amir1/left=20.0N, amir1/right=23.0N, amir2/left=21.8N, amir2/right=24.6N', 'slip_status': 'OK', 'state': 'HOLDING'}"
P_ros_contact_full_control,sim_65_80,0.004,9,0.8635499858893155,3.491539181670722,124.40861205139055,,33.22522750716704,26.582786709579015,50.61333683679285,True,True,True,0.006525378070703289,0.00027466969903411353,0.6564446757624663,0.019883684248785644,3.94719581280328e-05,,0.04047609625778416,0.04404539225310167,True,[],"{'rotation': 'FINISHED: payload-local right target reached and final pose is held; theta_des=30.00 deg; theta_actual=29.82 deg', 'contact_status': 'CONTACT_OK', 'friction_grasp_status': 'HOLDING; held=True; contacts=verified; grippers: amir1=-0.665, amir2=-0.665; commands: amir1=-0.664, amir2=-0.664; hold_floors: amir1=-0.665, amir2=-0.665; target_force=20.0N; normal_forces: amir1/left=20.0N, amir1/right=23.0N, amir2/left=21.8N, amir2/right=24.6N', 'slip_status': 'OK', 'state': 'HOLDING'}"
P_ros_contact_full_control,supported_grasp,0.004,9,0.5391019172703738,6.945096771018793,125.44010430575126,,19.198637465062376,15.803857991853642,26.44016700061783,True,True,True,0.006525378070703289,0.00027466969903411353,0.6564446757624663,0.019883684248785644,3.94719581280328e-05,,0.04047609625778416,0.04404539225310167,True,[],"{'rotation': 'FINISHED: payload-local right target reached and final pose is held; theta_des=30.00 deg; theta_actual=29.82 deg', 'contact_status': 'CONTACT_OK', 'friction_grasp_status': 'HOLDING; held=True; contacts=verified; grippers: amir1=-0.665, amir2=-0.665; commands: amir1=-0.664, amir2=-0.664; hold_floors: amir1=-0.665, amir2=-0.665; target_force=20.0N; normal_forces: amir1/left=20.0N, amir1/right=23.0N, amir2/left=21.8N, amir2/right=24.6N', 'slip_status': 'OK', 'state': 'HOLDING'}"
P_ros_contact_full_control,transport,0.004,9,0.5058410510752738,7.4224551017710345,123.54721763794457,,20.463395086188232,14.593503169995314,28.587113041222736,True,True,True,0.006525378070703289,0.00027466969903411353,0.6564446757624663,0.019883684248785644,3.94719581280328e-05,,0.04047609625778416,0.04404539225310167,True,[],"{'rotation': 'FINISHED: payload-local right target reached and final pose is held; theta_des=30.00 deg; theta_actual=29.82 deg', 'contact_status': 'CONTACT_OK', 'friction_grasp_status': 'HOLDING; held=True; contacts=verified; grippers: amir1=-0.665, amir2=-0.665; commands: amir1=-0.664, amir2=-0.664; hold_floors: amir1=-0.665, amir2=-0.665; target_force=20.0N; normal_forces: amir1/left=20.0N, amir1/right=23.0N, amir2/left=21.8N, amir2/right=24.6N', 'slip_status': 'OK', 'state': 'HOLDING'}"
Q2_native_headless_full_retry,whole_run,0.004,9,0.561673272188258,6.859474049541214,118.59667059681303,,23.09033367443282,17.61897460656568,30.644577404084355,True,True,True,0.005385422057127146,0.00019929932827256192,0.6565201526703963,0.01962654784759269,0.0005404913093727912,,0.04060379345158347,0.045789857032185584,True,[],"{'rotation': 'FINISHED: payload-local right target reached and final pose is held; theta_des=30.00 deg; theta_actual=29.82 deg', 'friction_grasp_status': 'HOLDING; held=True; contacts=not_verified; grippers: amir1=-0.665, amir2=-0.665; commands: amir1=-0.665, amir2=-0.664; hold_floors: amir1=-0.665, amir2=-0.665; target_force=20.0N; normal_forces: amir1/left=0.2N, amir1/right=2.3N, amir2/left=20.2N, amir2/right=23.4N', 'contact_status': 'CONTACT_NOT_VERIFIED', 'state': 'HOLDING', 'slip_status': 'OK'}"
Q2_native_headless_full_retry,sim_65_80,0.004,9,0.7181481632082048,4.472408595048143,126.1181248784829,,30.332920442851403,24.790945640243933,42.053448814660875,True,True,True,0.005385422057127146,0.00019929932827256192,0.6565201526703963,0.01962654784759269,0.0005404913093727912,,0.04060379345158347,0.045789857032185584,True,[],"{'rotation': 'FINISHED: payload-local right target reached and final pose is held; theta_des=30.00 deg; theta_actual=29.82 deg', 'friction_grasp_status': 'HOLDING; held=True; contacts=not_verified; grippers: amir1=-0.665, amir2=-0.665; commands: amir1=-0.665, amir2=-0.664; hold_floors: amir1=-0.665, amir2=-0.665; target_force=20.0N; normal_forces: amir1/left=0.2N, amir1/right=2.3N, amir2/left=20.2N, amir2/right=23.4N', 'contact_status': 'CONTACT_NOT_VERIFIED', 'state': 'HOLDING', 'slip_status': 'OK'}"
Q2_native_headless_full_retry,supported_grasp,0.004,9,0.5425966140480802,7.018833037593985,124.08776513573923,,19.64162540646582,16.285935643183382,25.87197956596673,True,True,True,0.005385422057127146,0.00019929932827256192,0.6565201526703963,0.01962654784759269,0.0005404913093727912,,0.04060379345158347,0.045789857032185584,True,[],"{'rotation': 'FINISHED: payload-local right target reached and final pose is held; theta_des=30.00 deg; theta_actual=29.82 deg', 'friction_grasp_status': 'HOLDING; held=True; contacts=not_verified; grippers: amir1=-0.665, amir2=-0.665; commands: amir1=-0.665, amir2=-0.664; hold_floors: amir1=-0.665, amir2=-0.665; target_force=20.0N; normal_forces: amir1/left=0.2N, amir1/right=2.3N, amir2/left=20.2N, amir2/right=23.4N', 'contact_status': 'CONTACT_NOT_VERIFIED', 'state': 'HOLDING', 'slip_status': 'OK'}"
Q2_native_headless_full_retry,transport,0.004,9,0.4848446462113596,7.741607245990583,122.8941431437373,,20.17036414221658,14.854281242612176,26.13837296771021,True,True,True,0.005385422057127146,0.00019929932827256192,0.6565201526703963,0.01962654784759269,0.0005404913093727912,,0.04060379345158347,0.045789857032185584,True,[],"{'rotation': 'FINISHED: payload-local right target reached and final pose is held; theta_des=30.00 deg; theta_actual=29.82 deg', 'friction_grasp_status': 'HOLDING; held=True; contacts=not_verified; grippers: amir1=-0.665, amir2=-0.665; commands: amir1=-0.665, amir2=-0.664; hold_floors: amir1=-0.665, amir2=-0.665; target_force=20.0N; normal_forces: amir1/left=0.2N, amir1/right=2.3N, amir2/left=20.2N, amir2/right=23.4N', 'contact_status': 'CONTACT_NOT_VERIFIED', 'state': 'HOLDING', 'slip_status': 'OK'}"
Q_native_headless_full_repeat,whole_run,0.004,9,0.01761067871063556,,2.5617720011768483,,,,,False,False,False,0.0,0.0,,,,,0.0,0.0,False,[],{'rotation': 'WAITING: waiting for fresh odometry from both robots; theta_des=0.00 deg; theta_actual=0.00 deg'}
