condition,phase,wall_seconds,sim_seconds,rtf,total_cpu_percent,cpu_seconds_per_sim_second
O_native_headless_full,GRASP_CHECK,1.0259379409999383,0.5240000000000009,0.5107521410985935,313.8246824240988,6.14436352139578
O_native_headless_full,TRANSLATING,109.1216614799996,57.71199999999999,0.5288775777170306,338.0121019985268,6.3911218066305695
O_native_headless_full,TRANSLATION_SETTLING,3.099947004999194,1.5960000000000036,0.5148475110787962,329.0816101042545,6.391826764680412
O_native_headless_full,ROTATING,79.12405694399968,33.71600000000001,0.426115663202945,303.019069692201,7.1111929426514155
O_native_headless_full,SETTLING,4.099013893001029,1.8120000000000118,0.4420575404962544,308.63256835025237,6.981728396800585
O_native_headless_full,POST_ROTATION_TRANSLATING,68.01899963100004,34.867999999999995,0.5126214761927887,338.32496812736787,6.599898440465051
O_native_headless_full,POST_ROTATION_SETTLING,1.0309264510015055,0.7800000000000011,0.756601015758458,402.0844603840138,5.314352637776233
O_native_headless_full,pivot,101.81559312300124,47.73999999999998,0.4688869213021851,318.67374152667037,6.796387935958095
P_ros_contact_full_control,GRASP_CHECK,1.0268994170000951,0.583999999999989,0.5687022412633572,335.92692593453427,5.906903499945444
P_ros_contact_full_control,TRANSLATING,106.51239472100133,58.3,0.54735413801099,358.5197829778822,6.550051567723486
P_ros_contact_full_control,TRANSLATION_SETTLING,2.0792634790013835,1.0279999999999916,0.49440583667333654,374.7822323410414,7.580457279040321
P_ros_contact_full_control,ROTATING,79.18801586900008,33.34,0.4210233030103194,313.5653651357537,7.447696193862888
P_ros_contact_full_control,SETTLING,4.122007805000976,1.8480000000000132,0.4483252064098349,319.4919387425221,7.126343426036583
P_ros_contact_full_control,POST_ROTATION_TRANSLATING,62.09390193000036,34.78399999999999,0.5601838331759641,371.8417096083941,6.6378514977884375
P_ros_contact_full_control,POST_ROTATION_SETTLING,2.056638625999767,1.0760000000000218,0.5231837943707587,349.5458492219326,6.6811291363169385
P_ros_contact_full_control,pivot,96.94794303399976,47.67199999999997,0.4917278129694958,341.6351582161177,6.947647645818866
Q2_native_headless_full_retry,GRASP_CHECK,1.1046379069994146,0.5040000000000049,0.45625810666686817,327.97187827567205,7.18829700740281
Q2_native_headless_full_retry,TRANSLATING,114.58481947099972,59.372,0.5181489160091269,333.53475270466157,6.437044301348814
Q2_native_headless_full_retry,TRANSLATION_SETTLING,3.1004849880009715,1.4799999999999898,0.4773446753419746,320.9342602027131,6.72332335063322
Q2_native_headless_full_retry,ROTATING,84.14607915499982,33.70400000000001,0.40054153845856727,290.5944149157386,7.255038167428375
Q2_native_headless_full_retry,SETTLING,4.110429450000083,1.8520000000000039,0.4505611937944748,315.29966715119315,6.9979321675674155
Q2_native_headless_full_retry,POST_ROTATION_TRANSLATING,66.93700386299861,34.831999999999994,0.5203698700242304,339.6003623040965,6.526134233872599
Q2_native_headless_full_retry,POST_ROTATION_SETTLING,2.0759915270009515,1.132000000000005,0.5452816089453558,343.2963415301133,6.295762334513578
Q2_native_headless_full_retry,pivot,95.74010730400005,47.26000000000002,0.4936280241460047,324.9858235278656,6.583617777578642
