monotonic,sim,count,cpu,wall,maxwall
3552.25502863,36.544,1,0.00446691,0.00446665200025,0.00446665200025
3553.00656021,37.24,174,0.278409851,0.292010273995,0.00589401999969
3554.00106593,38.204,241,0.42862473,0.434891294998,0.00434254599986
3555.00063774,39.192,247,0.461487715,0.463407696001,0.00383340600001
3556.00090956,40.172,245,0.488346344,0.491005143002,0.00447332300018
3557.0033709,41.156,246,0.492507672,0.494282778001,0.00419912100006
3558.00123963,42.144,247,0.474513173,0.476305020001,0.00419671999998
3559.0025434,43.132,247,0.488365458,0.490010898995,0.00395993500024
3560.0027672,44.12,247,0.4823835,0.484154293,0.004280698
3561.00020712,45.104,246,0.475575236,0.476901420998,0.00395473900016
3562.00408402,46.092,247,0.48345791,0.484531497,0.00395887199966
3563.00157698,47.076,246,0.467539386,0.469061853993,0.00408501299989
3564.00020825,48.06,246,0.48342806,0.485008579998,0.00425729799963
3565.00136879,49.048,247,0.499577956,0.501121313998,0.00450016100012
3566.00398888,50.036,247,0.482508711,0.484868162996,0.0038405790001
3567.00190543,51.02,246,0.491702566,0.492991547,0.00388581400011
3568.00513855,51.9,220,0.694201087,0.697052161001,0.0118486480001
3569.00176406,52.74,210,0.789916181,0.791770103002,0.0105418220001
3570.00391664,53.612,218,0.778597201,0.780251857001,0.00857456500034
3571.00032834,54.484,218,0.766669132,0.768609204998,0.00784350399999
3572.00076987,55.36,219,0.760557051,0.762710885002,0.00873715299986
3573.00191459,56.216,214,0.778194763,0.780118874003,0.00911485500001
3574.00396796,57.088,218,0.775672713,0.777362119001,0.00901575899979
3575.00491915,57.96,218,0.769848495,0.772538845002,0.00904671800026
3576.00189937,58.828,217,0.774629593,0.776291490999,0.00771872399991
3577.00130011,59.7,218,0.765850208,0.769459922,0.00854228599974
3578.00366529,60.552,213,0.771564445,0.773300614002,0.0130872160003
3579.00396225,61.396,211,0.80540571,0.807515382994,0.00945405400034
3580.0041805,62.22,206,0.796642568,0.798323689999,0.0124625540002
3581.00064612,63.092,218,0.743410955,0.744632766998,0.00986315200043
3582.00297272,63.984,223,0.764792675,0.766243660002,0.00799296100013
3583.00626194,64.792,202,0.821955006,0.824333938004,0.010112252
3584.00193911,65.64,212,0.79102552,0.793569791998,0.00882801700027
3585.0038863,66.52,220,0.792293821,0.793600451005,0.00740181799983
3586.00190221,67.296,194,0.849672062,0.851732226998,0.0127438109998
3587.00095921,68.128,208,0.804361378,0.805885032001,0.0107914360001
3588.00301835,68.584,114,0.947222575,0.948682801001,0.0163572000001
3589.0021581,69.028,111,0.950340999,0.951713891,0.0156265350001
3590.00408505,69.56,133,0.941594207,0.943615122002,0.0195323099997
3591.00301932,69.996,109,0.947716269,0.949153957002,0.014583618
3592.00721704,70.452,114,0.952758342,0.954348229001,0.01377654
3593.00273613,70.904,113,0.839618591,0.84149274,0.0267919840003
3594.00485859,71.364,115,0.948292978,0.949384990002,0.0167548270001
3595.00556331,71.812,112,0.951247085,0.952261525001,0.016732951
3596.00696152,72.34,132,0.939339546,0.941522329003,0.0180225199997
3597.00205972,72.724,96,0.946409325,0.948345618,0.0196512269999
3598.01218569,73.128,101,0.957883501,0.959395632001,0.0209989199998
3599.00473323,73.5,93,0.943706773,0.944883816,0.0197358209998
3600.00077966,73.932,108,0.938862178,0.940920817,0.0245157519998
3601.00582855,74.352,105,0.950118469,0.951780686003,0.020503623
3602.01334818,74.736,96,0.956734362,0.957754394999,0.0264095140001
3603.00308341,75.216,120,0.924680882,0.926560845,0.0199296590004
3604.00859793,75.768,138,0.937486819,0.938406487002,0.0130980670001
3605.00699616,76.184,104,0.94416921,0.945815344002,0.0292093940002
3606.01112716,76.544,90,0.951913534,0.953479343001,0.0239044750001
3607.00095417,76.94,99,0.936096605,0.937350073,0.0233331989998
3608.00061232,77.42,120,0.938674175,0.940236982,0.0204487289998
3609.00273765,77.828,102,0.948891876,0.950090418004,0.0208876810002
3610.00027881,78.248,105,0.943649077,0.944878574997,0.016549339
3611.00494219,78.708,115,0.944887569,0.946900662999,0.018211519
3612.00148987,79.096,97,0.944811165,0.946562698002,0.0264951409999
3613.00128848,79.488,98,0.950553474,0.951325517,0.021659427
3614.00373732,79.872,96,0.95109195,0.952989627,0.0235956789998
3615.00116848,80.476,151,0.922431546,0.923321235996,0.01504428
3616.0017256,81.088,153,0.919027582,0.920644422998,0.01697896
3617.00166052,81.516,107,0.940805742,0.941610258999,0.0186326869998
3618.00567119,82.06,136,0.934347915,0.936028125,0.0141467819999
3619.00284715,82.56,125,0.927103957,0.928716384002,0.0179961129998
3620.004721,82.952,98,0.952084445,0.954010321,0.020462816
3621.01445173,83.444,123,0.949962852,0.951330642999,0.0218476149998
3622.00151314,83.844,100,0.935452216,0.936263591002,0.01740311
3623.00297884,84.276,108,0.946076987,0.947610834002,0.0172816869999
3624.00522144,84.728,113,0.94776733,0.949076310999,0.0142132629999
3625.00323615,85.296,142,0.932620051,0.933556879999,0.0163099669999
3626.00614523,85.8,126,0.932876023,0.933885373,0.015440746
3627.00625998,86.196,99,0.949946181,0.951162705,0.019427063
3628.00069596,86.572,94,0.945432586,0.946339688998,0.0184846259999
3629.01200601,86.98,102,0.954604512,0.956385914003,0.021332067
3630.00363275,87.388,102,0.936992462,0.938425171999,0.0207723200001
3631.0020772,87.812,106,0.943703602,0.944645237998,0.020975424
3632.00216648,88.28,117,0.944159813,0.945239697003,0.0224393089998
3633.005129,88.744,116,0.946184726,0.947753167999,0.0192413049999
3634.01377412,89.14,99,0.955705111,0.956951212002,0.024885627
3635.01163867,89.624,121,0.94157688,0.942328494002,0.016918717
3636.00036013,90.056,108,0.93216379,0.932907720002,0.0164630889999
3637.00157971,90.544,122,0.940843334,0.942887250002,0.0165721140002
3638.00506,90.968,106,0.947811341,0.949005049003,0.0176941909999
3639.00559389,91.36,98,0.947741153,0.949273668001,0.0211184040004
3640.00098538,91.836,119,0.931894011,0.932865314999,0.01869382
3641.00396123,92.376,135,0.930599084,0.931514138001,0.015585658
3642.00598752,92.94,141,0.929054909,0.930075274999,0.0136442610001
3643.00455889,93.36,105,0.945957976,0.947190361999,0.0208706850003
3644.0025684,93.84,120,0.938639931,0.939686189998,0.0167808829997
3645.00271994,94.26,105,0.94402533,0.945351635998,0.019214297
3646.00594774,94.64,95,0.951136698,0.953350546999,0.0200120119998
3647.0007277,95.032,98,0.942909673,0.944076606,0.0196387740002
3648.00132128,95.532,125,0.939338267,0.940544822998,0.0146976319998
3649.0037107,95.912,95,0.950156307,0.951462545997,0.0201973570001
3650.00533157,96.312,100,0.949361438,0.950569190999,0.01807564
3651.01117225,96.788,119,0.946334565,0.947613716,0.0173782520001
3652.00262909,97.168,95,0.938647324,0.940157011999,0.0238685610002
3653.00539283,97.564,99,0.948696251,0.950019540996,0.0195978340003
3654.00516288,97.984,105,0.947402236,0.948639710999,0.0239588160002
3655.00232937,98.512,132,0.935011188,0.935959972002,0.0168658849998
3656.00035473,98.964,113,0.937963746,0.939401501999,0.0181726789997
3657.00583662,99.368,101,0.954747841,0.955804684998,0.0230573530002
3658.00277401,99.828,115,0.939763664,0.941928791996,0.017591325
3659.00137574,100.536,177,0.905996304,0.907033723003,0.0100371600001
3660.00002487,100.984,112,0.94221872,0.944912543003,0.0186926330002
3661.00133998,101.372,97,0.951449384,0.952341223,0.02186454
3662.00419372,101.888,129,0.938977208,0.940595692,0.0165805820002
3663.00833773,102.32,108,0.949144814,0.950020962001,0.017278795
3664.01538809,102.744,106,0.953011822,0.954217267998,0.0195085660002
3665.01053443,103.1,89,0.944077022,0.946300042003,0.0240336850002
3666.00016637,103.56,115,0.931690169,0.933047834998,0.0277527769999
3667.00517445,103.96,100,0.950981476,0.952188063,0.018230272
3668.00198732,104.476,129,0.9279027,0.929426017,0.0202800100001
3669.00780396,105.052,144,0.911838134,0.913376693004,0.0139511470002
3670.00746944,105.56,127,0.933637547,0.934837825,0.0223695589998
3671.00377521,105.892,83,0.943875354,0.945765176996,0.0241151589998
3672.00831606,106.372,120,0.941032306,0.942466967002,0.023030676
3673.00113862,106.98,152,0.904924478,0.906466667004,0.01345244
3674.00660002,107.412,108,0.946172568,0.947304186999,0.0243757140001
3675.00930685,107.86,112,0.942731112,0.944284231999,0.018644794
3676.00280587,108.296,109,0.93890142,0.940333558,0.0210673270003
3677.00774112,108.696,100,0.953189496,0.954539490002,0.016138731
3678.00534962,109.08,96,0.944170132,0.945629829998,0.0324708339999
3679.0037487,109.576,124,0.939720661,0.941268319,0.0167978920003
3680.00335812,109.94,91,0.948800704,0.950394253002,0.0229213580001
3681.00644175,110.38,110,0.94795468,0.948917123002,0.0154274639999
3682.00968188,110.82,110,0.948705591,0.950244092,0.0164861150001
3683.00062337,111.324,126,0.928221506,0.930123466999,0.0140335740002
3684.00265188,111.736,103,0.947013755,0.948036415003,0.0167980409997
3685.00127459,112.156,105,0.946066594,0.947398459002,0.0208594599999
3686.00424957,112.544,97,0.953814133,0.954658405001,0.0206062470002
3687.00320545,113.028,121,0.933336185,0.934853429,0.0263624889999
3688.00563974,113.444,104,0.948230107,0.949572046997,0.0207622990001
3689.00463403,113.832,97,0.948279862,0.949433248,0.0211524199999
3690.00365772,114.296,116,0.937976174,0.939708627001,0.017293634
3691.00362248,114.796,125,0.937856107,0.939233666999,0.0165480599999
