timestamp, utilization.gpu [%], utilization.memory [%], memory.used [MiB], power.draw [W]
2026/09/29 01:15:20.324, 24 %, 0 %, 15 MiB, 9.12 W
2026/09/29 01:15:21.327, 0 %, 0 %, 15 MiB, 8.81 W
2026/09/29 01:15:22.327, 0 %, 0 %, 15 MiB, 8.31 W
2026/09/29 01:15:23.327, 0 %, 0 %, 15 MiB, 7.54 W
2026/09/29 01:15:24.328, 0 %, 0 %, 15 MiB, 7.52 W
2026/09/29 01:15:25.328, 0 %, 0 %, 15 MiB, 7.48 W
2026/09/29 01:15:26.328, 0 %, 0 %, 15 MiB, 7.47 W
2026/09/29 01:15:27.329, 0 %, 0 %, 15 MiB, 7.47 W
2026/09/29 01:15:28.329, 0 %, 0 %, 15 MiB, 7.51 W
2026/09/29 01:15:29.329, 0 %, 0 %, 15 MiB, 7.50 W
2026/09/29 01:15:30.330, 0 %, 0 %, 15 MiB, 7.51 W
2026/09/29 01:15:31.330, 0 %, 0 %, 15 MiB, 7.48 W
2026/09/29 01:15:32.330, 0 %, 0 %, 15 MiB, 4.04 W
2026/09/29 01:15:33.331, 0 %, 0 %, 15 MiB, 4.00 W
2026/09/29 01:15:34.331, 0 %, 0 %, 15 MiB, 3.97 W
2026/09/29 01:15:35.331, 0 %, 0 %, 15 MiB, 3.96 W
2026/09/29 01:15:36.332, 0 %, 0 %, 15 MiB, 3.96 W
2026/09/29 01:15:37.332, 0 %, 0 %, 15 MiB, 3.96 W
2026/09/29 01:15:38.332, 0 %, 0 %, 15 MiB, 3.97 W
2026/09/29 01:15:39.333, 0 %, 0 %, 15 MiB, 3.96 W
2026/09/29 01:15:40.333, 0 %, 0 %, 15 MiB, 3.95 W
2026/09/29 01:15:41.333, 0 %, 0 %, 15 MiB, 3.94 W
2026/09/29 01:15:42.333, 0 %, 0 %, 15 MiB, 3.94 W
2026/09/29 01:15:43.334, 0 %, 0 %, 15 MiB, 3.93 W
2026/09/29 01:15:44.334, 0 %, 0 %, 15 MiB, 3.94 W
2026/09/29 01:15:45.334, 0 %, 0 %, 15 MiB, 3.94 W
2026/09/29 01:15:46.335, 0 %, 0 %, 15 MiB, 3.94 W
2026/09/29 01:15:47.335, 0 %, 0 %, 15 MiB, 3.94 W
2026/09/29 01:15:48.335, 0 %, 0 %, 15 MiB, 3.95 W
2026/09/29 01:15:49.336, 0 %, 0 %, 15 MiB, 3.94 W
2026/09/29 01:15:50.336, 0 %, 0 %, 15 MiB, 3.93 W
2026/09/29 01:15:51.336, 0 %, 0 %, 15 MiB, 3.94 W
2026/09/29 01:15:52.337, 0 %, 0 %, 15 MiB, 3.93 W
2026/09/29 01:15:53.337, 0 %, 0 %, 15 MiB, 3.91 W
2026/09/29 01:15:54.337, 0 %, 0 %, 15 MiB, 3.91 W
2026/09/29 01:15:55.338, 0 %, 0 %, 15 MiB, 3.92 W
2026/09/29 01:15:56.338, 0 %, 0 %, 15 MiB, 3.92 W
2026/09/29 01:15:57.339, 0 %, 0 %, 15 MiB, 3.91 W
2026/09/29 01:15:58.339, 0 %, 0 %, 15 MiB, 3.92 W
2026/09/29 01:15:59.339, 0 %, 0 %, 15 MiB, 3.91 W
2026/09/29 01:16:00.339, 0 %, 0 %, 15 MiB, 3.93 W
2026/09/29 01:16:01.340, 0 %, 0 %, 15 MiB, 3.92 W
2026/09/29 01:16:02.340, 0 %, 0 %, 15 MiB, 3.91 W
2026/09/29 01:16:03.340, 0 %, 0 %, 15 MiB, 3.91 W
2026/09/29 01:16:04.341, 0 %, 0 %, 15 MiB, 3.90 W
2026/09/29 01:16:05.341, 0 %, 0 %, 15 MiB, 3.90 W
2026/09/29 01:16:06.341, 0 %, 0 %, 15 MiB, 3.90 W
2026/09/29 01:16:07.342, 0 %, 0 %, 15 MiB, 3.89 W
2026/09/29 01:16:08.342, 0 %, 0 %, 15 MiB, 3.88 W
2026/09/29 01:16:09.342, 0 %, 0 %, 15 MiB, 3.89 W
2026/09/29 01:16:10.343, 0 %, 0 %, 15 MiB, 3.90 W
2026/09/29 01:16:11.343, 0 %, 0 %, 15 MiB, 3.90 W
2026/09/29 01:16:12.344, 0 %, 0 %, 15 MiB, 3.88 W
2026/09/29 01:16:13.344, 0 %, 0 %, 15 MiB, 3.87 W
2026/09/29 01:16:14.344, 0 %, 0 %, 15 MiB, 3.89 W
2026/09/29 01:16:15.345, 0 %, 0 %, 15 MiB, 3.89 W
2026/09/29 01:16:16.345, 0 %, 0 %, 15 MiB, 3.88 W
2026/09/29 01:16:17.345, 0 %, 0 %, 15 MiB, 3.89 W
2026/09/29 01:16:18.345, 0 %, 0 %, 15 MiB, 3.86 W
2026/09/29 01:16:19.346, 0 %, 0 %, 15 MiB, 3.88 W
2026/09/29 01:16:20.346, 0 %, 0 %, 15 MiB, 3.87 W
2026/09/29 01:16:21.346, 0 %, 0 %, 15 MiB, 3.89 W
2026/09/29 01:16:22.347, 0 %, 0 %, 15 MiB, 3.88 W
2026/09/29 01:16:23.347, 0 %, 0 %, 15 MiB, 3.88 W
2026/09/29 01:16:24.348, 0 %, 0 %, 15 MiB, 3.88 W
2026/09/29 01:16:25.348, 0 %, 0 %, 15 MiB, 3.88 W
2026/09/29 01:16:26.348, 0 %, 0 %, 15 MiB, 3.87 W
2026/09/29 01:16:27.348, 0 %, 0 %, 15 MiB, 3.87 W
2026/09/29 01:16:28.349, 0 %, 0 %, 15 MiB, 3.86 W
2026/09/29 01:16:29.349, 0 %, 0 %, 15 MiB, 3.87 W
2026/09/29 01:16:30.350, 0 %, 0 %, 15 MiB, 3.87 W
2026/09/29 01:16:31.350, 0 %, 0 %, 15 MiB, 3.87 W
2026/09/29 01:16:32.350, 0 %, 0 %, 15 MiB, 3.87 W
2026/09/29 01:16:33.351, 0 %, 0 %, 15 MiB, 3.89 W
2026/09/29 01:16:34.351, 0 %, 0 %, 15 MiB, 3.88 W
2026/09/29 01:16:35.352, 0 %, 0 %, 15 MiB, 3.85 W
2026/09/29 01:16:36.352, 0 %, 0 %, 15 MiB, 3.87 W
2026/09/29 01:16:37.352, 0 %, 0 %, 15 MiB, 3.86 W
2026/09/29 01:16:38.352, 0 %, 0 %, 15 MiB, 3.86 W
2026/09/29 01:16:39.353, 0 %, 0 %, 15 MiB, 3.87 W
2026/09/29 01:16:40.353, 0 %, 0 %, 15 MiB, 3.87 W
2026/09/29 01:16:41.353, 0 %, 0 %, 15 MiB, 3.86 W
2026/09/29 01:16:42.354, 0 %, 0 %, 15 MiB, 3.86 W
2026/09/29 01:16:43.354, 0 %, 0 %, 15 MiB, 3.89 W
2026/09/29 01:16:44.354, 0 %, 0 %, 15 MiB, 3.88 W
2026/09/29 01:16:45.355, 0 %, 0 %, 15 MiB, 3.86 W
2026/09/29 01:16:46.355, 0 %, 0 %, 15 MiB, 3.84 W
2026/09/29 01:16:47.355, 0 %, 0 %, 15 MiB, 3.86 W
2026/09/29 01:16:48.356, 0 %, 0 %, 15 MiB, 3.86 W
2026/09/29 01:16:49.356, 0 %, 0 %, 15 MiB, 3.86 W
2026/09/29 01:16:50.356, 0 %, 0 %, 15 MiB, 3.85 W
2026/09/29 01:16:51.357, 0 %, 0 %, 15 MiB, 3.86 W
2026/09/29 01:16:52.357, 0 %, 0 %, 15 MiB, 3.86 W
2026/09/29 01:16:53.357, 0 %, 0 %, 15 MiB, 3.86 W
2026/09/29 01:16:54.358, 0 %, 0 %, 15 MiB, 3.85 W
2026/09/29 01:16:55.358, 0 %, 0 %, 15 MiB, 3.86 W
2026/09/29 01:16:56.358, 0 %, 0 %, 15 MiB, 3.85 W
2026/09/29 01:16:57.358, 0 %, 0 %, 15 MiB, 3.85 W
2026/09/29 01:16:58.359, 0 %, 0 %, 15 MiB, 3.84 W
2026/09/29 01:16:59.359, 0 %, 0 %, 15 MiB, 3.84 W
2026/09/29 01:17:00.359, 0 %, 0 %, 15 MiB, 3.84 W
2026/09/29 01:17:01.360, 0 %, 0 %, 15 MiB, 3.84 W
2026/09/29 01:17:02.360, 0 %, 0 %, 15 MiB, 3.84 W
2026/09/29 01:17:03.360, 0 %, 0 %, 15 MiB, 3.85 W
2026/09/29 01:17:04.361, 0 %, 0 %, 15 MiB, 3.85 W
2026/09/29 01:17:05.361, 0 %, 0 %, 15 MiB, 3.83 W
2026/09/29 01:17:06.361, 0 %, 0 %, 15 MiB, 3.84 W
2026/09/29 01:17:07.362, 0 %, 0 %, 15 MiB, 3.84 W
2026/09/29 01:17:08.362, 0 %, 0 %, 15 MiB, 3.83 W
2026/09/29 01:17:09.362, 0 %, 0 %, 15 MiB, 3.83 W
2026/09/29 01:17:10.363, 0 %, 0 %, 15 MiB, 3.83 W
2026/09/29 01:17:11.363, 0 %, 0 %, 15 MiB, 3.84 W
2026/09/29 01:17:12.363, 0 %, 0 %, 15 MiB, 3.84 W
2026/09/29 01:17:13.364, 0 %, 0 %, 15 MiB, 3.85 W
2026/09/29 01:17:14.364, 0 %, 0 %, 15 MiB, 3.85 W
2026/09/29 01:17:15.364, 0 %, 0 %, 15 MiB, 3.84 W
2026/09/29 01:17:16.365, 0 %, 0 %, 15 MiB, 3.84 W
2026/09/29 01:17:17.365, 0 %, 0 %, 15 MiB, 3.82 W
2026/09/29 01:17:18.365, 0 %, 0 %, 15 MiB, 3.84 W
2026/09/29 01:17:19.365, 0 %, 0 %, 15 MiB, 3.85 W
2026/09/29 01:17:20.366, 0 %, 0 %, 15 MiB, 3.84 W
2026/09/29 01:17:21.366, 0 %, 0 %, 15 MiB, 3.82 W
2026/09/29 01:17:22.366, 0 %, 0 %, 15 MiB, 3.83 W
2026/09/29 01:17:23.367, 0 %, 0 %, 15 MiB, 3.83 W
2026/09/29 01:17:24.367, 0 %, 0 %, 15 MiB, 3.81 W
2026/09/29 01:17:25.367, 0 %, 0 %, 15 MiB, 3.80 W
2026/09/29 01:17:26.368, 0 %, 0 %, 15 MiB, 3.83 W
2026/09/29 01:17:27.368, 0 %, 0 %, 15 MiB, 3.82 W
2026/09/29 01:17:28.368, 0 %, 0 %, 15 MiB, 3.81 W
2026/09/29 01:17:29.369, 0 %, 0 %, 15 MiB, 3.81 W
2026/09/29 01:17:30.369, 0 %, 0 %, 15 MiB, 3.81 W
2026/09/29 01:17:31.369, 0 %, 0 %, 15 MiB, 3.82 W
2026/09/29 01:17:32.370, 0 %, 0 %, 15 MiB, 3.82 W
2026/09/29 01:17:33.370, 0 %, 0 %, 15 MiB, 3.81 W
2026/09/29 01:17:34.371, 0 %, 0 %, 15 MiB, 3.81 W
2026/09/29 01:17:35.371, 0 %, 0 %, 15 MiB, 3.82 W
2026/09/29 01:17:36.371, 0 %, 0 %, 15 MiB, 3.82 W
2026/09/29 01:17:37.372, 0 %, 0 %, 15 MiB, 3.82 W
2026/09/29 01:17:38.372, 0 %, 0 %, 15 MiB, 3.82 W
